{"cameraMode":{"drawMode":0,"name":"Shaded","section":"Shading Mode"},"sceneLighting":true,"audioPlay":false,"sceneViewState":{"m_AlwaysRefresh":false,"showFog":true,"showSkybox":true,"showFlares":true,"showImageEffects":true,"showParticleSystems":true,"showVisualEffectGraphs":true,"m_FxEnabled":true},"in2DMode":false,"pivot":{"x":0.9475942850112915,"y":-2.5985426902770998,"z":-2.447514533996582},"rotation":{"x":0.3317451775074005,"y":0.26248466968536379,"z":-0.09665441513061524,"w":0.9009541273117065},"size":15.602151870727539,"orthographic":false}